{
  "count": 18,
  "value": [
    {
      "id": 57,
      "rev": 1,
      "fields": {
        "System.AreaPath": "$ProjectName$\\Space Game Engine Team",
        "System.TeamProject": "Exercise 3 Creating a Delivery Plan",
        "System.IterationPath": "$ProjectName$\\Sprint 5",
        "System.WorkItemType": "Product Backlog Item",
        "System.State": "New",
        "System.Reason": "New backlog item",
        "System.CreatedDate": "2024-10-15T23:43:58.883Z",
        "System.CreatedBy": "Jonathan Sanderson <jonathan@training.rocketsolid.ca>",
        "System.ChangedDate": "2024-10-15T23:43:58.883Z",
        "System.ChangedBy": "Jonathan Sanderson <jonathan@training.rocketsolid.ca>",
        "System.Title": "Complete community interaction training",
        "Microsoft.VSTS.Scheduling.Effort": 0.0,
        "System.Description": "Complete community interaction training",
        "System.AssignedTo": null,
        "Microsoft.VSTS.Scheduling.RemainingWork": 0.0,
        "Microsoft.VSTS.Common.Priority": 2.0,
        "System.BoardLane": null,
        "System.Tags": null,
        "Microsoft.VSTS.TCM.Steps": null,
        "Microsoft.VSTS.TCM.Parameters": null,
        "Microsoft.VSTS.TCM.LocalDataSource": null,
        "Microsoft.VSTS.TCM.AutomationStatus": null,
        "System.History": null
      },
      "relations": [
        {
          "rel": "System.LinkTypes.Dependency-Reverse",
          "url": "https://dev.azure.com/rs-ado-training-24-10-16/_apis/wit/workItems/71",
          "attributes": {
            "isLocked": "false",
            "comment": "Making a new link for the dependency",
            "name": "Predecessor"
          }
        }
      ],
      "url": "https://dev.azure.com/rs-ado-training-24-10-16/_apis/wit/workItems/57"
    },
    {
      "id": 58,
      "rev": 1,
      "fields": {
        "System.AreaPath": "$ProjectName$\\Space Game Web Team",
        "System.TeamProject": "Exercise 3 Creating a Delivery Plan",
        "System.IterationPath": "$ProjectName$\\Sprint 1",
        "System.WorkItemType": "Product Backlog Item",
        "System.State": "New",
        "System.Reason": "New backlog item",
        "System.CreatedDate": "2024-10-15T23:43:59.067Z",
        "System.CreatedBy": "Jonathan Sanderson <jonathan@training.rocketsolid.ca>",
        "System.ChangedDate": "2024-10-15T23:43:59.067Z",
        "System.ChangedBy": "Jonathan Sanderson <jonathan@training.rocketsolid.ca>",
        "System.Title": "Create a Git-based workflow",
        "Microsoft.VSTS.Scheduling.Effort": 0.0,
        "System.Description": "Create a Git-based workflow",
        "System.AssignedTo": null,
        "Microsoft.VSTS.Scheduling.RemainingWork": 0.0,
        "Microsoft.VSTS.Common.Priority": 2.0,
        "System.BoardLane": null,
        "System.Tags": null,
        "Microsoft.VSTS.TCM.Steps": null,
        "Microsoft.VSTS.TCM.Parameters": null,
        "Microsoft.VSTS.TCM.LocalDataSource": null,
        "Microsoft.VSTS.TCM.AutomationStatus": null,
        "System.History": null
      },
      "relations": [
        {
          "rel": "System.LinkTypes.Dependency-Reverse",
          "url": "https://dev.azure.com/rs-ado-training-24-10-16/_apis/wit/workItems/66",
          "attributes": {
            "isLocked": "false",
            "comment": "Making a new link for the dependency",
            "name": "Predecessor"
          }
        }
      ],
      "url": "https://dev.azure.com/rs-ado-training-24-10-16/_apis/wit/workItems/58"
    },
    {
      "id": 59,
      "rev": 1,
      "fields": {
        "System.AreaPath": "$ProjectName$\\Space Game Engine Team",
        "System.TeamProject": "Exercise 3 Creating a Delivery Plan",
        "System.IterationPath": "$ProjectName$\\Sprint 5",
        "System.WorkItemType": "Product Backlog Item",
        "System.State": "New",
        "System.Reason": "New backlog item",
        "System.CreatedDate": "2024-10-15T23:43:59.2Z",
        "System.CreatedBy": "Jonathan Sanderson <jonathan@training.rocketsolid.ca>",
        "System.ChangedDate": "2024-10-15T23:43:59.2Z",
        "System.ChangedBy": "Jonathan Sanderson <jonathan@training.rocketsolid.ca>",
        "System.Title": "Add final music and sound",
        "Microsoft.VSTS.Scheduling.Effort": 0.0,
        "System.Description": "Add final music and sound",
        "System.AssignedTo": null,
        "Microsoft.VSTS.Scheduling.RemainingWork": 0.0,
        "Microsoft.VSTS.Common.Priority": 2.0,
        "System.BoardLane": null,
        "System.Tags": null,
        "Microsoft.VSTS.TCM.Steps": null,
        "Microsoft.VSTS.TCM.Parameters": null,
        "Microsoft.VSTS.TCM.LocalDataSource": null,
        "Microsoft.VSTS.TCM.AutomationStatus": null,
        "System.History": null
      },
      "relations": null,
      "url": "https://dev.azure.com/rs-ado-training-24-10-16/_apis/wit/workItems/59"
    },
    {
      "id": 60,
      "rev": 1,
      "fields": {
        "System.AreaPath": "$ProjectName$\\Space Game Engine Team",
        "System.TeamProject": "Exercise 3 Creating a Delivery Plan",
        "System.IterationPath": "$ProjectName$\\Sprint 5",
        "System.WorkItemType": "Product Backlog Item",
        "System.State": "New",
        "System.Reason": "New backlog item",
        "System.CreatedDate": "2024-10-15T23:43:59.343Z",
        "System.CreatedBy": "Jonathan Sanderson <jonathan@training.rocketsolid.ca>",
        "System.ChangedDate": "2024-10-15T23:43:59.343Z",
        "System.ChangedBy": "Jonathan Sanderson <jonathan@training.rocketsolid.ca>",
        "System.Title": "Investigate lag reported by customers in east",
        "Microsoft.VSTS.Scheduling.Effort": 0.0,
        "System.Description": "Investigate lag reported by customers in east",
        "System.AssignedTo": null,
        "Microsoft.VSTS.Scheduling.RemainingWork": 0.0,
        "Microsoft.VSTS.Common.Priority": 2.0,
        "System.BoardLane": null,
        "System.Tags": null,
        "Microsoft.VSTS.TCM.Steps": null,
        "Microsoft.VSTS.TCM.Parameters": null,
        "Microsoft.VSTS.TCM.LocalDataSource": null,
        "Microsoft.VSTS.TCM.AutomationStatus": null,
        "System.History": null
      },
      "relations": null,
      "url": "https://dev.azure.com/rs-ado-training-24-10-16/_apis/wit/workItems/60"
    },
    {
      "id": 61,
      "rev": 1,
      "fields": {
        "System.AreaPath": "$ProjectName$\\Space Game Web Team",
        "System.TeamProject": "Exercise 3 Creating a Delivery Plan",
        "System.IterationPath": "$ProjectName$\\Sprint 1",
        "System.WorkItemType": "Product Backlog Item",
        "System.State": "New",
        "System.Reason": "New backlog item",
        "System.CreatedDate": "2024-10-15T23:43:59.527Z",
        "System.CreatedBy": "Jonathan Sanderson <jonathan@training.rocketsolid.ca>",
        "System.ChangedDate": "2024-10-15T23:43:59.527Z",
        "System.ChangedBy": "Jonathan Sanderson <jonathan@training.rocketsolid.ca>",
        "System.Title": "Create unit tests",
        "Microsoft.VSTS.Scheduling.Effort": 0.0,
        "System.Description": "Create unit tests",
        "System.AssignedTo": null,
        "Microsoft.VSTS.Scheduling.RemainingWork": 0.0,
        "Microsoft.VSTS.Common.Priority": 2.0,
        "System.BoardLane": null,
        "System.Tags": null,
        "Microsoft.VSTS.TCM.Steps": null,
        "Microsoft.VSTS.TCM.Parameters": null,
        "Microsoft.VSTS.TCM.LocalDataSource": null,
        "Microsoft.VSTS.TCM.AutomationStatus": null,
        "System.History": null
      },
      "relations": null,
      "url": "https://dev.azure.com/rs-ado-training-24-10-16/_apis/wit/workItems/61"
    },
    {
      "id": 62,
      "rev": 1,
      "fields": {
        "System.AreaPath": "$ProjectName$\\Space Game Engine Team",
        "System.TeamProject": "Exercise 3 Creating a Delivery Plan",
        "System.IterationPath": "$ProjectName$\\Sprint 6",
        "System.WorkItemType": "Product Backlog Item",
        "System.State": "New",
        "System.Reason": "New backlog item",
        "System.CreatedDate": "2024-10-15T23:43:59.667Z",
        "System.CreatedBy": "Jonathan Sanderson <jonathan@training.rocketsolid.ca>",
        "System.ChangedDate": "2024-10-15T23:43:59.667Z",
        "System.ChangedBy": "Jonathan Sanderson <jonathan@training.rocketsolid.ca>",
        "System.Title": "Apply final artwork",
        "Microsoft.VSTS.Scheduling.Effort": 0.0,
        "System.Description": "Apply final artwork",
        "System.AssignedTo": null,
        "Microsoft.VSTS.Scheduling.RemainingWork": 0.0,
        "Microsoft.VSTS.Common.Priority": 2.0,
        "System.BoardLane": null,
        "System.Tags": null,
        "Microsoft.VSTS.TCM.Steps": null,
        "Microsoft.VSTS.TCM.Parameters": null,
        "Microsoft.VSTS.TCM.LocalDataSource": null,
        "Microsoft.VSTS.TCM.AutomationStatus": null,
        "System.History": null
      },
      "relations": null,
      "url": "https://dev.azure.com/rs-ado-training-24-10-16/_apis/wit/workItems/62"
    },
    {
      "id": 63,
      "rev": 1,
      "fields": {
        "System.AreaPath": "$ProjectName$\\Space Game Web Team",
        "System.TeamProject": "Exercise 3 Creating a Delivery Plan",
        "System.IterationPath": "$ProjectName$\\Sprint 1",
        "System.WorkItemType": "Product Backlog Item",
        "System.State": "New",
        "System.Reason": "New backlog item",
        "System.CreatedDate": "2024-10-15T23:43:59.847Z",
        "System.CreatedBy": "Jonathan Sanderson <jonathan@training.rocketsolid.ca>",
        "System.ChangedDate": "2024-10-15T23:43:59.847Z",
        "System.ChangedBy": "Jonathan Sanderson <jonathan@training.rocketsolid.ca>",
        "System.Title": "Stabilize the build server",
        "Microsoft.VSTS.Scheduling.Effort": 0.0,
        "System.Description": "Stabilize the build server",
        "System.AssignedTo": null,
        "Microsoft.VSTS.Scheduling.RemainingWork": 0.0,
        "Microsoft.VSTS.Common.Priority": 2.0,
        "System.BoardLane": null,
        "System.Tags": null,
        "Microsoft.VSTS.TCM.Steps": null,
        "Microsoft.VSTS.TCM.Parameters": null,
        "Microsoft.VSTS.TCM.LocalDataSource": null,
        "Microsoft.VSTS.TCM.AutomationStatus": null,
        "System.History": null
      },
      "relations": [
        {
          "rel": "System.LinkTypes.Dependency-Forward",
          "url": "https://dev.azure.com/rs-ado-training-24-10-16/_apis/wit/workItems/64",
          "attributes": {
            "isLocked": "false",
            "comment": "Making a new link for the dependency",
            "name": "Successor"
          }
        },
        {
          "rel": "System.LinkTypes.Dependency-Forward",
          "url": "https://dev.azure.com/rs-ado-training-24-10-16/_apis/wit/workItems/68",
          "attributes": {
            "isLocked": "false",
            "comment": "Making a new link for the dependency",
            "name": "Successor"
          }
        }
      ],
      "url": "https://dev.azure.com/rs-ado-training-24-10-16/_apis/wit/workItems/63"
    },
    {
      "id": 64,
      "rev": 1,
      "fields": {
        "System.AreaPath": "$ProjectName$\\Space Game Engine Team",
        "System.TeamProject": "Exercise 3 Creating a Delivery Plan",
        "System.IterationPath": "$ProjectName$\\Sprint 6",
        "System.WorkItemType": "Product Backlog Item",
        "System.State": "New",
        "System.Reason": "New backlog item",
        "System.CreatedDate": "2024-10-15T23:43:59.983Z",
        "System.CreatedBy": "Jonathan Sanderson <jonathan@training.rocketsolid.ca>",
        "System.ChangedDate": "2024-10-15T23:43:59.983Z",
        "System.ChangedBy": "Jonathan Sanderson <jonathan@training.rocketsolid.ca>",
        "System.Title": "Push beta",
        "Microsoft.VSTS.Scheduling.Effort": 0.0,
        "System.Description": "Push beta",
        "System.AssignedTo": null,
        "Microsoft.VSTS.Scheduling.RemainingWork": 0.0,
        "Microsoft.VSTS.Common.Priority": 2.0,
        "System.BoardLane": null,
        "System.Tags": null,
        "Microsoft.VSTS.TCM.Steps": null,
        "Microsoft.VSTS.TCM.Parameters": null,
        "Microsoft.VSTS.TCM.LocalDataSource": null,
        "Microsoft.VSTS.TCM.AutomationStatus": null,
        "System.History": null
      },
      "relations": [
        {
          "rel": "System.LinkTypes.Dependency-Reverse",
          "url": "https://dev.azure.com/rs-ado-training-24-10-16/_apis/wit/workItems/63",
          "attributes": {
            "isLocked": "false",
            "comment": "Making a new link for the dependency",
            "name": "Predecessor"
          }
        },
        {
          "rel": "System.LinkTypes.Dependency-Forward",
          "url": "https://dev.azure.com/rs-ado-training-24-10-16/_apis/wit/workItems/74",
          "attributes": {
            "isLocked": "false",
            "comment": "Making a new link for the dependency",
            "name": "Successor"
          }
        }
      ],
      "url": "https://dev.azure.com/rs-ado-training-24-10-16/_apis/wit/workItems/64"
    },
    {
      "id": 65,
      "rev": 1,
      "fields": {
        "System.AreaPath": "$ProjectName$\\Space Game Web Team",
        "System.TeamProject": "Exercise 3 Creating a Delivery Plan",
        "System.IterationPath": "$ProjectName$\\Sprint 2",
        "System.WorkItemType": "Product Backlog Item",
        "System.State": "New",
        "System.Reason": "New backlog item",
        "System.CreatedDate": "2024-10-15T23:44:00.253Z",
        "System.CreatedBy": "Jonathan Sanderson <jonathan@training.rocketsolid.ca>",
        "System.ChangedDate": "2024-10-15T23:44:00.253Z",
        "System.ChangedBy": "Jonathan Sanderson <jonathan@training.rocketsolid.ca>",
        "System.Title": "Move model data to its own package",
        "Microsoft.VSTS.Scheduling.Effort": 0.0,
        "System.Description": "Move model data to its own package",
        "System.AssignedTo": null,
        "Microsoft.VSTS.Scheduling.RemainingWork": 0.0,
        "Microsoft.VSTS.Common.Priority": 2.0,
        "System.BoardLane": null,
        "System.Tags": null,
        "Microsoft.VSTS.TCM.Steps": null,
        "Microsoft.VSTS.TCM.Parameters": null,
        "Microsoft.VSTS.TCM.LocalDataSource": null,
        "Microsoft.VSTS.TCM.AutomationStatus": null,
        "System.History": null
      },
      "relations": null,
      "url": "https://dev.azure.com/rs-ado-training-24-10-16/_apis/wit/workItems/65"
    },
    {
      "id": 66,
      "rev": 1,
      "fields": {
        "System.AreaPath": "$ProjectName$\\Space Game Web Team",
        "System.TeamProject": "Exercise 3 Creating a Delivery Plan",
        "System.IterationPath": "$ProjectName$\\Sprint 2",
        "System.WorkItemType": "Product Backlog Item",
        "System.State": "New",
        "System.Reason": "New backlog item",
        "System.CreatedDate": "2024-10-15T23:44:00.393Z",
        "System.CreatedBy": "Jonathan Sanderson <jonathan@training.rocketsolid.ca>",
        "System.ChangedDate": "2024-10-15T23:44:00.393Z",
        "System.ChangedBy": "Jonathan Sanderson <jonathan@training.rocketsolid.ca>",
        "System.Title": "Check open source code for vulnerabilities and licensing terms",
        "Microsoft.VSTS.Scheduling.Effort": 0.0,
        "System.Description": "Check open source code for vulnerabilities and licensing terms",
        "System.AssignedTo": null,
        "Microsoft.VSTS.Scheduling.RemainingWork": 0.0,
        "Microsoft.VSTS.Common.Priority": 2.0,
        "System.BoardLane": null,
        "System.Tags": null,
        "Microsoft.VSTS.TCM.Steps": null,
        "Microsoft.VSTS.TCM.Parameters": null,
        "Microsoft.VSTS.TCM.LocalDataSource": null,
        "Microsoft.VSTS.TCM.AutomationStatus": null,
        "System.History": null
      },
      "relations": [
        {
          "rel": "System.LinkTypes.Dependency-Forward",
          "url": "https://dev.azure.com/rs-ado-training-24-10-16/_apis/wit/workItems/58",
          "attributes": {
            "isLocked": "false",
            "comment": "Making a new link for the dependency",
            "name": "Successor"
          }
        }
      ],
      "url": "https://dev.azure.com/rs-ado-training-24-10-16/_apis/wit/workItems/66"
    },
    {
      "id": 67,
      "rev": 1,
      "fields": {
        "System.AreaPath": "$ProjectName$\\Space Game Web Team",
        "System.TeamProject": "Exercise 3 Creating a Delivery Plan",
        "System.IterationPath": "$ProjectName$\\Sprint 2",
        "System.WorkItemType": "Product Backlog Item",
        "System.State": "New",
        "System.Reason": "New backlog item",
        "System.CreatedDate": "2024-10-15T23:44:00.54Z",
        "System.CreatedBy": "Jonathan Sanderson <jonathan@training.rocketsolid.ca>",
        "System.ChangedDate": "2024-10-15T23:44:00.54Z",
        "System.ChangedBy": "Jonathan Sanderson <jonathan@training.rocketsolid.ca>",
        "System.Title": "Investigate hosted vs private build servers",
        "Microsoft.VSTS.Scheduling.Effort": 0.0,
        "System.Description": "Investigate hosted vs private build servers",
        "System.AssignedTo": null,
        "Microsoft.VSTS.Scheduling.RemainingWork": 0.0,
        "Microsoft.VSTS.Common.Priority": 2.0,
        "System.BoardLane": null,
        "System.Tags": null,
        "Microsoft.VSTS.TCM.Steps": null,
        "Microsoft.VSTS.TCM.Parameters": null,
        "Microsoft.VSTS.TCM.LocalDataSource": null,
        "Microsoft.VSTS.TCM.AutomationStatus": null,
        "System.History": null
      },
      "relations": null,
      "url": "https://dev.azure.com/rs-ado-training-24-10-16/_apis/wit/workItems/67"
    },
    {
      "id": 68,
      "rev": 1,
      "fields": {
        "System.AreaPath": "$ProjectName$\\Space Game Web Team",
        "System.TeamProject": "Exercise 3 Creating a Delivery Plan",
        "System.IterationPath": "$ProjectName$\\Sprint 2",
        "System.WorkItemType": "Product Backlog Item",
        "System.State": "New",
        "System.Reason": "New backlog item",
        "System.CreatedDate": "2024-10-15T23:44:00.717Z",
        "System.CreatedBy": "Jonathan Sanderson <jonathan@training.rocketsolid.ca>",
        "System.ChangedDate": "2024-10-15T23:44:00.717Z",
        "System.ChangedBy": "Jonathan Sanderson <jonathan@training.rocketsolid.ca>",
        "System.Title": "Check code for vulnerabilities",
        "Microsoft.VSTS.Scheduling.Effort": 0.0,
        "System.Description": "Check code for vulnerabilities",
        "System.AssignedTo": null,
        "Microsoft.VSTS.Scheduling.RemainingWork": 0.0,
        "Microsoft.VSTS.Common.Priority": 2.0,
        "System.BoardLane": null,
        "System.Tags": null,
        "Microsoft.VSTS.TCM.Steps": null,
        "Microsoft.VSTS.TCM.Parameters": null,
        "Microsoft.VSTS.TCM.LocalDataSource": null,
        "Microsoft.VSTS.TCM.AutomationStatus": null,
        "System.History": null
      },
      "relations": [
        {
          "rel": "System.LinkTypes.Dependency-Reverse",
          "url": "https://dev.azure.com/rs-ado-training-24-10-16/_apis/wit/workItems/63",
          "attributes": {
            "isLocked": "false",
            "comment": "Making a new link for the dependency",
            "name": "Predecessor"
          }
        }
      ],
      "url": "https://dev.azure.com/rs-ado-training-24-10-16/_apis/wit/workItems/68"
    },
    {
      "id": 69,
      "rev": 1,
      "fields": {
        "System.AreaPath": "$ProjectName$\\Space Game Web Team",
        "System.TeamProject": "Exercise 3 Creating a Delivery Plan",
        "System.IterationPath": "$ProjectName$\\Sprint 3",
        "System.WorkItemType": "Product Backlog Item",
        "System.State": "New",
        "System.Reason": "New backlog item",
        "System.CreatedDate": "2024-10-15T23:44:00.847Z",
        "System.CreatedBy": "Jonathan Sanderson <jonathan@training.rocketsolid.ca>",
        "System.ChangedDate": "2024-10-15T23:44:00.847Z",
        "System.ChangedBy": "Jonathan Sanderson <jonathan@training.rocketsolid.ca>",
        "System.Title": "Add link to new community site",
        "Microsoft.VSTS.Scheduling.Effort": 0.0,
        "System.Description": "Add link to new community site",
        "System.AssignedTo": null,
        "Microsoft.VSTS.Scheduling.RemainingWork": 0.0,
        "Microsoft.VSTS.Common.Priority": 2.0,
        "System.BoardLane": null,
        "System.Tags": null,
        "Microsoft.VSTS.TCM.Steps": null,
        "Microsoft.VSTS.TCM.Parameters": null,
        "Microsoft.VSTS.TCM.LocalDataSource": null,
        "Microsoft.VSTS.TCM.AutomationStatus": null,
        "System.History": null
      },
      "relations": null,
      "url": "https://dev.azure.com/rs-ado-training-24-10-16/_apis/wit/workItems/69"
    },
    {
      "id": 70,
      "rev": 1,
      "fields": {
        "System.AreaPath": "$ProjectName$\\Space Game Web Team",
        "System.TeamProject": "Exercise 3 Creating a Delivery Plan",
        "System.IterationPath": "$ProjectName$\\Sprint 3",
        "System.WorkItemType": "Product Backlog Item",
        "System.State": "New",
        "System.Reason": "New backlog item",
        "System.CreatedDate": "2024-10-15T23:44:00.993Z",
        "System.CreatedBy": "Jonathan Sanderson <jonathan@training.rocketsolid.ca>",
        "System.ChangedDate": "2024-10-15T23:44:00.993Z",
        "System.ChangedBy": "Jonathan Sanderson <jonathan@training.rocketsolid.ca>",
        "System.Title": "Integrate with beta DB",
        "Microsoft.VSTS.Scheduling.Effort": 0.0,
        "System.Description": "Integrate with beta DB",
        "System.AssignedTo": null,
        "Microsoft.VSTS.Scheduling.RemainingWork": 0.0,
        "Microsoft.VSTS.Common.Priority": 2.0,
        "System.BoardLane": null,
        "System.Tags": null,
        "Microsoft.VSTS.TCM.Steps": null,
        "Microsoft.VSTS.TCM.Parameters": null,
        "Microsoft.VSTS.TCM.LocalDataSource": null,
        "Microsoft.VSTS.TCM.AutomationStatus": null,
        "System.History": null
      },
      "relations": null,
      "url": "https://dev.azure.com/rs-ado-training-24-10-16/_apis/wit/workItems/70"
    },
    {
      "id": 71,
      "rev": 1,
      "fields": {
        "System.AreaPath": "$ProjectName$\\Space Game Web Team",
        "System.TeamProject": "Exercise 3 Creating a Delivery Plan",
        "System.IterationPath": "$ProjectName$\\Sprint 3",
        "System.WorkItemType": "Product Backlog Item",
        "System.State": "New",
        "System.Reason": "New backlog item",
        "System.CreatedDate": "2024-10-15T23:44:01.12Z",
        "System.CreatedBy": "Jonathan Sanderson <jonathan@training.rocketsolid.ca>",
        "System.ChangedDate": "2024-10-15T23:44:01.12Z",
        "System.ChangedBy": "Jonathan Sanderson <jonathan@training.rocketsolid.ca>",
        "System.Title": "Update privacy policy",
        "Microsoft.VSTS.Scheduling.Effort": 0.0,
        "System.Description": "Update privacy policy",
        "System.AssignedTo": null,
        "Microsoft.VSTS.Scheduling.RemainingWork": 0.0,
        "Microsoft.VSTS.Common.Priority": 2.0,
        "System.BoardLane": null,
        "System.Tags": null,
        "Microsoft.VSTS.TCM.Steps": null,
        "Microsoft.VSTS.TCM.Parameters": null,
        "Microsoft.VSTS.TCM.LocalDataSource": null,
        "Microsoft.VSTS.TCM.AutomationStatus": null,
        "System.History": null
      },
      "relations": [
        {
          "rel": "System.LinkTypes.Dependency-Forward",
          "url": "https://dev.azure.com/rs-ado-training-24-10-16/_apis/wit/workItems/57",
          "attributes": {
            "isLocked": "false",
            "comment": "Making a new link for the dependency",
            "name": "Successor"
          }
        }
      ],
      "url": "https://dev.azure.com/rs-ado-training-24-10-16/_apis/wit/workItems/71"
    },
    {
      "id": 72,
      "rev": 1,
      "fields": {
        "System.AreaPath": "$ProjectName$\\Space Game Web Team",
        "System.TeamProject": "Exercise 3 Creating a Delivery Plan",
        "System.IterationPath": "$ProjectName$\\Sprint 4",
        "System.WorkItemType": "Product Backlog Item",
        "System.State": "New",
        "System.Reason": "New backlog item",
        "System.CreatedDate": "2024-10-15T23:44:01.247Z",
        "System.CreatedBy": "Jonathan Sanderson <jonathan@training.rocketsolid.ca>",
        "System.ChangedDate": "2024-10-15T23:44:01.247Z",
        "System.ChangedBy": "Jonathan Sanderson <jonathan@training.rocketsolid.ca>",
        "System.Title": "Fix leaderboard sorting",
        "Microsoft.VSTS.Scheduling.Effort": 0.0,
        "System.Description": "Fix leaderboard sorting",
        "System.AssignedTo": null,
        "Microsoft.VSTS.Scheduling.RemainingWork": 0.0,
        "Microsoft.VSTS.Common.Priority": 2.0,
        "System.BoardLane": null,
        "System.Tags": null,
        "Microsoft.VSTS.TCM.Steps": null,
        "Microsoft.VSTS.TCM.Parameters": null,
        "Microsoft.VSTS.TCM.LocalDataSource": null,
        "Microsoft.VSTS.TCM.AutomationStatus": null,
        "System.History": null
      },
      "relations": null,
      "url": "https://dev.azure.com/rs-ado-training-24-10-16/_apis/wit/workItems/72"
    },
    {
      "id": 73,
      "rev": 1,
      "fields": {
        "System.AreaPath": "$ProjectName$\\Space Game Web Team",
        "System.TeamProject": "Exercise 3 Creating a Delivery Plan",
        "System.IterationPath": "$ProjectName$\\Sprint 4",
        "System.WorkItemType": "Product Backlog Item",
        "System.State": "New",
        "System.Reason": "New backlog item",
        "System.CreatedDate": "2024-10-15T23:44:01.38Z",
        "System.CreatedBy": "Jonathan Sanderson <jonathan@training.rocketsolid.ca>",
        "System.ChangedDate": "2024-10-15T23:44:01.38Z",
        "System.ChangedBy": "Jonathan Sanderson <jonathan@training.rocketsolid.ca>",
        "System.Title": "Fix level filtering on leaderboard",
        "Microsoft.VSTS.Scheduling.Effort": 0.0,
        "System.Description": "Fix level filtering on leaderboard",
        "System.AssignedTo": null,
        "Microsoft.VSTS.Scheduling.RemainingWork": 0.0,
        "Microsoft.VSTS.Common.Priority": 2.0,
        "System.BoardLane": null,
        "System.Tags": null,
        "Microsoft.VSTS.TCM.Steps": null,
        "Microsoft.VSTS.TCM.Parameters": null,
        "Microsoft.VSTS.TCM.LocalDataSource": null,
        "Microsoft.VSTS.TCM.AutomationStatus": null,
        "System.History": null
      },
      "relations": null,
      "url": "https://dev.azure.com/rs-ado-training-24-10-16/_apis/wit/workItems/73"
    },
    {
      "id": 74,
      "rev": 1,
      "fields": {
        "System.AreaPath": "$ProjectName$\\Space Game Web Team",
        "System.TeamProject": "Exercise 3 Creating a Delivery Plan",
        "System.IterationPath": "$ProjectName$\\Sprint 4",
        "System.WorkItemType": "Product Backlog Item",
        "System.State": "New",
        "System.Reason": "New backlog item",
        "System.CreatedDate": "2024-10-15T23:44:01.507Z",
        "System.CreatedBy": "Jonathan Sanderson <jonathan@training.rocketsolid.ca>",
        "System.ChangedDate": "2024-10-15T23:44:01.507Z",
        "System.ChangedBy": "Jonathan Sanderson <jonathan@training.rocketsolid.ca>",
        "System.Title": "Update site branding",
        "Microsoft.VSTS.Scheduling.Effort": 0.0,
        "System.Description": "Update site branding",
        "System.AssignedTo": null,
        "Microsoft.VSTS.Scheduling.RemainingWork": 0.0,
        "Microsoft.VSTS.Common.Priority": 2.0,
        "System.BoardLane": null,
        "System.Tags": null,
        "Microsoft.VSTS.TCM.Steps": null,
        "Microsoft.VSTS.TCM.Parameters": null,
        "Microsoft.VSTS.TCM.LocalDataSource": null,
        "Microsoft.VSTS.TCM.AutomationStatus": null,
        "System.History": null
      },
      "relations": [
        {
          "rel": "System.LinkTypes.Dependency-Reverse",
          "url": "https://dev.azure.com/rs-ado-training-24-10-16/_apis/wit/workItems/64",
          "attributes": {
            "isLocked": "false",
            "comment": "Making a new link for the dependency",
            "name": "Predecessor"
          }
        }
      ],
      "url": "https://dev.azure.com/rs-ado-training-24-10-16/_apis/wit/workItems/74"
    }
  ],
  "HttpStatusCode": 0,
  "Message": null
}