{
  "count": 1,
  "value": [
    {
      "id": 38,
      "rev": 7,
      "fields": {
        "System.AreaPath": "Exercise 2 Working with the Backlog and WI Templates",
        "System.TeamProject": "Exercise 2 Working with the Backlog and WI Templates",
        "System.IterationPath": "$ProjectName$\\Iteration 1",
        "System.WorkItemType": "Issue",
        "System.State": "Active",
        "System.Reason": "New",
        "System.CreatedDate": "2024-10-15T22:35:48.03Z",
        "System.CreatedBy": "Jonathan Sanderson <jonathan@training.rocketsolid.ca>",
        "System.ChangedDate": "2024-10-15T22:39:59.427Z",
        "System.ChangedBy": "Jonathan Sanderson <jonathan@training.rocketsolid.ca>",
        "System.Title": "User typing distracts from learning opportunities",
        "Microsoft.VSTS.Scheduling.Effort": 0.0,
        "System.Description": "<div>This exercise has a fair bit of typing and some technical aspects. It might be better to provide text for users to copy and paste instead of typing everything out.<br><br>Use this information to help populate the user story template. </div><div><br> </div><div>———<br><br><span style=\"color:rgba(0, 0, 0, 0.9);font-size:15px;display:inline !important;\">Title:&nbsp;</span><p style=\"box-sizing:border-box;margin:0px 0px 16px;color:rgba(0, 0, 0, 0.9);font-size:15px;\"><span style=\"box-sizing:border-box;\">[User] can [Activity] (TEMPLATE)<br><br><span style=\"box-sizing:border-box;margin:0px;\">Description:&nbsp;<br style=\"box-sizing:border-box;\"></span></span> </p><div style=\"box-sizing:border-box;margin:0px;\">As a [user],<br style=\"box-sizing:border-box;\"> </div><div style=\"box-sizing:border-box;margin:0px;\">I want to [activity],<br style=\"box-sizing:border-box;\"> </div><div style=\"box-sizing:border-box;margin:0px;\">So that [benefit]<br><br><span style=\"display:inline !important;\">Acceptance Criteria:</span><br style=\"box-sizing:border-box;\"><div style=\"box-sizing:border-box;\">Given [my initial state]<br style=\"box-sizing:border-box;\"> </div><div style=\"box-sizing:border-box;\">When [I perform this action]<br style=\"box-sizing:border-box;\"> </div><div style=\"box-sizing:border-box;\">Then [the change I want to observe] </div><br>———<br><br><div style=\"box-sizing:border-box;font-size:14px;\">Check out the Gherkin reference:<br style=\"box-sizing:border-box;\"> </div><div style=\"box-sizing:border-box;font-size:14px;\"><a href=\"https://cucumber.io/docs/gherkin/reference/\" style=\"box-sizing:border-box;text-decoration:underline;cursor:pointer;\">https://cucumber.io/docs/gherkin/reference/</a> </div><br><br> </div><br><p> </p><br><br> </div>",
        "System.AssignedTo": "Jonathan Sanderson <jonathan@training.rocketsolid.ca>",
        "Microsoft.VSTS.Scheduling.RemainingWork": 0.0,
        "Microsoft.VSTS.Common.Priority": 2.0,
        "System.BoardLane": null,
        "System.Tags": null,
        "Microsoft.VSTS.TCM.Steps": null,
        "Microsoft.VSTS.TCM.Parameters": null,
        "Microsoft.VSTS.TCM.LocalDataSource": null,
        "Microsoft.VSTS.TCM.AutomationStatus": null,
        "System.History": null
      },
      "relations": null,
      "url": "https://dev.azure.com/rs-ado-training-24-10-16/_apis/wit/workItems/38"
    }
  ],
  "HttpStatusCode": 0,
  "Message": null
}